Session,Pre_CCA_Accuracy,Post_CCA_Accuracy
1,71.69148637257656,34.39168305703849
2,65.3441749614468,32.468806953595966
3,66.34078212290503,28.03072625698324
