Session,Pre_CCA_Accuracy,Post_CCA_Accuracy
1,65.60625087205246,28.198688433096134
2,49.27941793759619,16.5663914929341
3,48.58622620380739,13.605823068309071
