Session,Pre_CCA_Accuracy,Post_CCA_Accuracy
1,68.27769241514179,14.918284676630813
2,53.17093658126837,11.941761164776704
3,42.12146655471592,11.60089560593339
