Session,Pre_CCA_Accuracy,Post_CCA_Accuracy
1,42.46132208157525,30.267229254571028
2,32.130872483221474,17.184004474272932
3,25.380214873726803,33.403097530347424
