Session,Pre_CCA_Accuracy,Post_CCA_Accuracy
1,69.68548160629037,16.93344566133109
2,54.98180800447803,25.524769101595297
3,60.497121190843984,34.81252633057155
