Session,Pre_CCA_Accuracy,Post_CCA_Accuracy
1,51.52954323229501,18.1310238860176
2,49.81142617684034,17.209107417237043
3,52.019566736547866,21.06219426974144
