Session,Pre_CCA_Accuracy,Post_CCA_Accuracy
1,65.71749193435265,14.630382942909243
2,63.44025773917916,15.534388569827707
3,61.0683820444693,11.844497273108656
