Session,Pre_CCA_Accuracy,Post_CCA_Accuracy
1,47.697276046054476,35.832631283347375
2,50.79009928681303,27.185009089637813
3,57.72357723577236,34.41267171292402
