Session,Pre_CCA_Accuracy,Post_CCA_Accuracy
1,71.10303369215714,21.920872361247028
2,68.09910414333707,32.712765957446805
3,63.20715183684872,43.24626344461517
