Session,Pre_CCA_Accuracy,Post_CCA_Accuracy
1,52.15559612413987,7.821935121471704
2,49.902234636871505,8.6731843575419
3,44.60330810204654,12.026913372582001
