Session,Pre_CCA_Accuracy,Post_CCA_Accuracy
1,42.46132208157525,12.376933895921237
2,32.130872483221474,11.675055928411632
3,25.380214873726803,10.980884610018139
