Session,Pre_CCA_Accuracy,Post_CCA_Accuracy
1,71.69148637257656,10.07305422871593
2,65.3441749614468,11.53792233281929
3,66.34078212290503,9.41340782122905
